Abbeville_LA,Abbeville_SC,Aberdeen_MD,Aberdeen_SD,Aberdeen_WA,Abilene_KS,Abilene_TX,Abingdon_VA,Abington_MA,Abington_PA,Acoma_NM,Ada_OK,Adams_MA,Adrian_MI,Aiken_SC,Ajo_AZ,Akron_OH,Alameda_CA,Alamogordo_NM,Alamosa_CO,Albany_GA,Albany_NY,Albany_OR,Albert Lea_MN,Albuquerque_NM,Alcoa_TN,Alexander City_AL,Alexandria_LA,Alexandria_MN,Alexandria_VA,Alhambra_CA,Aliquippa_PA,Allentown_PA,Alliance_OH,Alma_MI,Alpine_TX,Alta_UT,Alton_IL,Altoona_PA,Altus_OK,Alva_OK,Amana Colonies_IA,Amarillo_TX,Ambridge_PA,American Fork_UT,Americus_GA,Ames_IA,Amesbury_MA,Amherst_MA,Amsterdam_NY,Anaconda_MT,Anacortes_WA,Anadarko_OK,Anaheim_CA,Anchorage_AK,Andalusia_AL,Anderson_IN,Anderson_SC,Andersonville_GA,Andover_MA,Ann Arbor_MI,Annapolis_MD,Anniston_AL,Ansonia_CT,Antioch_CA,Apalachicola_FL,Appleton_WI,Arcadia_CA,Ardmore_OK,Arkadelphia_AR,Arkansas City_KS,Arkansas Post_AR,Arlington Heights_IL,Arlington_MA,Arlington_TX,Artesia_NM,Arthur_IL,Asbury Park_NJ,Asheboro_NC,Asheville_NC,Ashland_KY,Ashland_OR,Ashland_WI,Ashtabula_OH,Aspen_CO,Astoria_OR,Atchison_KS,Athens_AL,Athens_GA,Athens_OH,Athens_TN,Athol_MA,Atlanta_GA,Atlantic City_NJ,Atmore_AL,Attleboro_MA,Auburn_AL,Auburn_ME,Auburn_NY,Auburn_WA,Augusta_GA,Augusta_ME,Aurora_CO,Aurora_IL,Austin_MN,Austin_TX,Avondale_AZ,Babylon_NY,Bainbridge_GA,Baker City_OR,Bakersfield_CA,Baltimore_MD,Bangor_ME,Bar Harbor_ME,Baraboo_WI,Barberton_OH,Barbourville_KY,Bardstown_KY,Barnstable_MA,Barre_VT,Barrington_RI,Barstow_CA,Bartlesville_OK,Bartow_FL,Bastrop_LA,Batavia_NY,Batesville_AR,Bath_ME,Bath_NC,Bath_WV,Baton Rouge_LA,Battle Creek_MI,Bay City_MI,Bay Saint Louis_MS,Bayonne_NJ,Baytown_TX,Beacon_NY,Beatrice_NE,Beaufort_NC,Beaufort_SC,Beaumont_TX,Beaverton_OR,Beckley_WV,Bedford_IN,Bedford_MA,Bedford_NY,Bedford_OH,Bedford_PA,Belen_NM,Belfast_ME,Belle Fourche_SD,Belle Glade_FL,Bellefontaine_OH,Belleville_IL,Bellevue_NE,Bellevue_WA,Bellingham_WA,Bellows Falls_VT,Belmont_CA,Belmont_WI,Beloit_WI,Belvidere_IL,Bemidji_MN,Bend_OR,Bennington_VT,Benton Harbor_MI,Benton_AR,Berea_KY,Berkeley_CA,Berlin_CT,Berlin_NH,Bessemer_AL,Bethany_OK,Bethesda-Chevy Chase_MD,Bethlehem_PA,Beverly Hills_CA,Beverly_MA,Biddeford_ME,Big Spring_TX,Billings_MT,Biloxi_MS,Binghamton_NY,Birmingham_AL,Bisbee_AZ,Bismarck_ND,Blackfoot_ID,Blairsville_GA,Bloomfield Hills_MI,Bloomfield_CT,Bloomfield_NJ,Bloomington_IL,Bloomington_IN,Bloomington_MN,Bloomsburg_PA,Bluefield_WV,Blytheville_AR,Boca Raton_FL,Bogalusa_LA,Boise_ID,Bonners Ferry_ID,Boone_IA,Boone_NC,Boonesborough_KY,Boonville_MO,Boothbay Harbor_ME,Bordentown_NJ,Borger_TX,Bossier City_LA,Boston_MA,Boulder City_NV,Boulder_CO,Bound Brook_NJ,Bountiful_UT,Bourne_MA,Bowie_MD,Bowling Green_KY,Bowling Green_OH,Boys Town_NE,Bozeman_MT,Bradenton_FL,Bradford_PA,Brainerd_MN,Braintree_MA,Branford_CT,Branson_MO,Brattleboro_VT,Brea_CA,Breckenridge_CO,Bremerton_WA,Bridgeport_CT,Bridgeton_NJ,Brigham City_UT,Brighton_CO,Bristol_CT,Bristol_PA,Bristol_RI,Bristol_VA,Brockton_MA,Bronx_NY,Brookfield_IL,Brookings_OR,Brookings_SD,Brookline_MA,Brooklyn_NY,Brownsville_TX,Brunswick_GA,Brunswick_ME,Bryan_TX,Buckhannon_WV,Buena Park_CA,Buffalo_NY,Buffalo_WY,Burbank_CA,Burlington_IA,Burlington_NC,Burlington_NJ,Burlington_VT,Burns_OR,Butte_MT,Cadillac_MI,Cahokia_IL,Cairo_IL,Calais_ME,Caldwell_ID,Caldwell_NJ,Calexico_CA,Calhoun_GA,Calistoga_CA,Calumet City_IL,Cambridge_MA,Cambridge_MD,Camden_AR,Camden_NJ,Camden_SC,Campbellsville_KY,Canon City_CO,Canton_IL,Canton_MA,Canton_MS,Canton_OH,Canton_SD,Canyon_TX,Cape Coral_FL,Cape Girardeau_MO,Cape May_NJ,Carbondale_IL,Carbondale_PA,Caribou_ME,Carlinville_IL,Carlisle_PA,Carlsbad_CA,Carlsbad_NM,Carmel_CA,Carrollton_GA,Carson City_NV,Carthage_IL,Carthage_MO,Casa Grande_AZ,Casper_WY,Castine_ME,Catonsville_MD,Cedar City_UT,Cedar Falls_IA,Cedar Rapids_IA,Central City_CO,Central Falls_RI,Centralia_IL,Centralia_WA,Chadron_NE,Chambersburg_PA,Champaign_IL,Chandler_AZ,Chanute_KS,Chapel Hill_NC,Charles City_IA,Charles Town_WV,Charleston_IL,Charleston_SC,Charleston_WV,Charlestown_MA,Charlevoix_MI,Charlotte_NC,Charlottesville_VA,Chattanooga_TN,Chautauqua_NY,Cheboygan_MI,Cheektowaga_NY,Chelmsford_MA,Chelsea_MA,Cherokee_IA,Chesapeake_VA,Chester_IL,Chester_PA,Cheyenne_WY,Chicago Heights_IL,Chicago_IL,Chickasaw_AL,Chickasha_OK,Chico_CA,Chicopee_MA,Chillicothe_MO,Chillicothe_OH,Chula Vista_CA,Cicero_IL,Cincinnati_OH,Clanton_AL,Claremont_CA,Claremont_NH,Claremore_OK,Clarksburg_WV,Clarksdale_MS,Clarksville_TN,Clayton_MO,Clearfield_UT,Clearwater_FL,Cleburne_TX,Cleveland Heights_OH,Cleveland_OH,Cleveland_TN,Clifton_AZ,Clifton_NJ,Climax_CO,Clinton_IA,Clinton_MA,Clinton_NY,Clinton_OK,Clovis_NM,Cocoa Beach_FL,Cocoa-Rockledge_FL,Cody_WY,Coeur d’Alene_ID,Coffeyville_KS,Cohasset_MA,Cohoes_NY,College Park_MD,College Station_TX,Collinsville_IL,Colorado Springs_CO,Columbia_MD,Columbia_MO,Columbia_MS,Columbia_PA,Columbia_SC,Columbia_TN,Columbus_GA,Columbus_IN,Columbus_MS,Columbus_NE,Columbus_OH,Compton_CA,Concord_CA,Concord_MA,Concord_NC,Concord_NH,Coney Island_NY,Conneaut_OH,Connersville_IN,Conway_AR,Cookeville_TN,Cooperstown_NY,Coos Bay_OR,Coral Gables_FL,Cordova_AK,Corinth_MS,Corning_NY,Corona_CA,Coronado_CA,Corpus Christi_TX,Cortez_CO,Cortland_NY,Corvallis_OR,Corydon_IN,Costa Mesa_CA,Coulee Dam_WA,Council Bluffs_IA,Council Grove_KS,Coupeville_WA,Coventry_CT,Covington_KY,Cranford_NJ,Cranston_RI,Crawfordsville_IN,Cripple Creek_CO,Crookston_MN,Crossett_AR,Crown Point_NY,Crystal City_TX,Cullman_AL,Culver City_CA,Cumberland_MD,Cushing_OK,Custer_SD,Cuyahoga Falls_OH,Dahlonega_GA,Dallas_TX,Dalton_GA,Daly City_CA,Danbury_CT,Danvers_MA,Danville_IL,Danville_KY,Danville_VA,Darien_CT,Darien_GA,Darlington_SC,Dartmouth_MA,Davenport_IA,Davis_CA,Dayton_OH,Dayton_TN,Daytona Beach_FL,De Land_FL,De Smet_SD,DeKalb_IL,Deadwood_SD,Dearborn_MI,Decatur_AL,Decatur_GA,Decatur_IL,Dedham_MA,Deerfield Beach_FL,Defiance_OH,Del Rio_TX,Delray Beach_FL,Delta_UT,Deming_NM,Demopolis_AL,Denison_TX,Dennis_MA,Denton_TX,Denver_CO,Derby_CT,Derry_NH,Des Moines_IA,Des Plaines_IL,Detroit_MI,Devils Lake_ND,Dickinson_ND,Dillon_MT,Dixon_IL,Dodge City_KS,Dothan_AL,Douglas_AZ,Douglas_GA,Douglas_WY,Dover_DE,Dover_NH,Downey_CA,Dubuque_IA,Duluth_MN,Duncan_OK,Dunkirk_NY,Durango_CO,Durant_OK,Durham_NC,Durham_NH,Duxbury_MA,Eagle Pass_TX,East Aurora_NY,East Chicago_IN,East Cleveland_OH,East Greenwich_RI,East Hampton_NY,East Hartford_CT,East Haven_CT,East Lansing_MI,East Liverpool_OH,East Moline_IL,East Orange_NJ,East Point_GA,East Providence_RI,East Saint Louis_IL,Eastchester_NY,Eastham_MA,Easton_MD,Easton_PA,Eastpointe_MI,Eastport_ME,Eau Claire_WI,Ecorse_MI,Edenton_NC,Edgartown_MA,Edinburg_TX,Edison_NJ,Edmond_OK,Effingham_IL,El Centro_CA,El Cerrito_CA,El Dorado_AR,El Monte_CA,El Paso_TX,El Reno_OK,Elgin_IL,Elizabeth City_NC,Elizabeth_NJ,Elizabethton_TN,Elizabethtown_KY,Elk City_OK,Elkhart_IN,Elkins_WV,Elko_NV,Elkton_MD,Ellensburg_WA,Ellsworth_ME,Elmhurst_IL,Elmira_NY,Elwood_IN,Ely_MN,Ely_NV,Elyria_OH,Emmitsburg_MD,Emporia_KS,Enfield_CT,Englewood_CO,Englewood_NJ,Enid_OK,Enterprise_AL,Ephrata_WA,Erie_PA,Escanaba_MI,Escondido_CA,Essex_VT,Estes Park_CO,Estherville_IA,Euclid_OH,Eufaula_AL,Eufaula_OK,Eugene_OR,Eureka_CA,Evanston_IL,Evanston_WY,Evansville_IN,Eveleth_MN,Everett_MA,Everett_WA,Excelsior Springs_MO,Exeter_NH,Fairbanks_AK,Fairfax_VA,Fairfield_CA,Fairfield_CT,Fairfield_IA,Fairhaven_MA,Fairmont_WV,Fall River_MA,Fallon_NV,Falls Church_VA,Falmouth_MA,Fargo_ND,Faribault_MN,Farmington_CT,Farmington_ME,Farmington_NM,Fayetteville_AR,Fayetteville_NC,Fergus Falls_MN,Ferguson_MO,Fernandina Beach_FL,Fillmore_UT,Findlay_OH,Fitchburg_MA,Fitzgerald_GA,Flagstaff_AZ,Flint_MI,Florence_AL,Florence_AZ,Florence_SC,Florissant_MO,Flushing_NY,Fond du Lac_WI,Fontana_CA,Forest Hills_NY,Forrest City_AR,Fort Benton_MT,Fort Collins_CO,Fort Dodge_IA,Fort Kent_ME,Fort Lauderdale_FL,Fort Lee_NJ,Fort Morgan_CO,Fort Myers_FL,Fort Payne_AL,Fort Pierce_FL,Fort Scott_KS,Fort Smith_AR,Fort Valley_GA,Fort Walton Beach_FL,Fort Wayne_IN,Fort Worth_TX,Framingham_MA,Frankfort_KY,Franklin_NH,Franklin_PA,Franklin_TN,Frederick_MD,Frederick_OK,Fredericksburg_VA,Fredonia_NY,Freeport_IL,Freeport_TX,Fremont_CA,Fremont_NE,French Lick_IN,Fresno_CA,Fullerton_CA,Fulton_MO,Gadsden_AL,Gaffney_SC,Gainesville_FL,Gainesville_GA,Galena_IL,Galesburg_IL,Gallatin_TN,Gallipolis_OH,Gallup_NM,Galveston_TX,Garden City_KS,Garden City_NY,Garden Grove_CA,Gardiner_ME,Garland_TX,Gary_IN,Gastonia_NC,Gatlinburg_TN,Geneva_IN,Geneva_NY,Genoa_NV,Georgetown_CO,Georgetown_SC,Germantown_PA,Gettysburg_PA,Gila Bend_AZ,Gillette_WY,Glassboro_NJ,Glen Ellyn_IL,Glendale_AZ,Glendale_CA,Glendive_MT,Glens Falls_NY,Glenview_IL,Glenwood Springs_CO,Globe_AZ,Gloucester_MA,Gloversville_NY,Golden_CO,Goldfield_NV,Goldsboro_NC,Goliad_TX,Goshen_IN,Grafton_WV,Grand Forks_ND,Grand Haven_MI,Grand Island_NE,Grand Junction_CO,Grand Rapids_MI,Granite City_IL,Grants Pass_OR,Grants_NM,Grayling_MI,Great Barrington_MA,Great Bend_KS,Great Falls_MT,Great Neck_NY,Greeley_CO,Green Bay_WI,Green River_UT,Green River_WY,Greenbelt_MD,Greeneville_TN,Greenfield_IN,Greenfield_MA,Greensboro_NC,Greensburg_PA,Greenville_AL,Greenville_MS,Greenville_NC,Greenville_OH,Greenville_SC,Greenville_TX,Greenwich_CT,Greenwood_MS,Greenwood_SC,Grenada_MS,Gretna_LA,Grinnell_IA,Grosse Pointe_MI,Groton_CT,Groton_MA,Guilford_CT,Gulfport_MS,Gunnison_CO,Guntersville_AL,Guthrie_OK,Guymon_OK,Hackensack_NJ,Haddonfield_NJ,Hagerstown_MD,Haines_AK,Halifax_NC,Hallandale Beach_FL,Hamden_CT,Hamilton_OH,Hammond_IN,Hammondsport_NY,Hampton_VA,Hanalei_HI,Hancock_MI,Hannibal_MO,Hanover_NH,Hanover_PA,Hanover_VA,Harlan_KY,Harlem_NY,Harlingen_TX,Harmony_PA,Harpers Ferry_WV,Harrisburg_IL,Harrisburg_PA,Harrison_AR,Harrodsburg_KY,Hartford_CT,Hartsville_SC,Harwich_MA,Hastings_MN,Hastings_NE,Hattiesburg_MS,Haverhill_MA,Havre_MT,Hays_KS,Hayward_CA,Hayward_WI,Hazard_KY,Hazleton_PA,Heber City_UT,Helena_AR,Helena_MT,Hempstead_NY,Henderson_KY,Henderson_NC,Henderson_NV,Herkimer_NY,Herrin_IL,Hershey_PA,Hialeah_FL,Hibbing_MN,Hickory_NC,High Point_NC,Highland Park_IL,Highland Park_MI,Hillsboro_OR,Hillsboro_WV,Hillsborough_NC,Hillsborough_NH,Hilo_HI,Hingham_MA,Hinton_WV,Hobart_IN,Hobart_OK,Hobbs_NM,Hoboken_NJ,Hodgenville_KY,Holdenville_OK,Holland_MI,Holly Springs_MS,Hollywood_CA,Hollywood_FL,Holyoke_MA,Homer_AK,Homestead_FL,Homestead_PA,Honaunau_HI,Honesdale_PA,Honolulu_HI,Hood River_OR,Hope_AR,Hopewell_VA,Hopkinsville_KY,Hoquiam_WA,Hot Springs_AR,Hot Springs_SD,Houghton_MI,Houlton_ME,Houma_LA,Houston_TX,Hudson_NY,Hugo_OK,Huntington Beach_CA,Huntington_IN,Huntington_NY,Huntington_WV,Huntsville_AL,Huntsville_TX,Huron_SD,Hutchinson_KS,Hyannis_MA,Hyattsville_MD,Hyde Park_NY,Idaho City_ID,Idaho Falls_ID,Ilion_NY,Independence_KS,Independence_MO,Indianapolis_IN,Indianola_IA,Indio_CA,Inglewood_CA,Interlochen_MI,International Falls_MN,Iowa City_IA,Ipswich_MA,Iron Mountain_MI,Ironwood_MI,Irvine_CA,Irving_TX,Irvington_NJ,Ishpeming_MI,Ithaca_NY,Jackson_MI,Jackson_MS,Jackson_TN,Jackson_WY,Jacksonville_AR,Jacksonville_FL,Jacksonville_IL,Jacksonville_NC,Jacksonville_OR,Jamestown_ND,Jamestown_NY,Janesville_WI,Jasper_AL,Jeannette_PA,Jefferson City_MO,Jeffersonville_IN,Jersey City_NJ,Jim Thorpe_PA,John Day_OR,Johnson City_TN,Johnson City_TX,Johnstown_NY,Johnstown_PA,Joliet_IL,Jonesboro_AR,Jonesborough_TN,Joplin_MO,Junction City_KS,Juneau_AK,Kahului_HI,Kalamazoo_MI,Kalispell_MT,Kanab_UT,Kaneohe_HI,Kankakee_IL,Kansas City_KS,Kansas City_MO,Kapaa_HI,Kaskaskia_IL,Kawaihae_HI,Kearney_NE,Keene_NH,Kellogg_ID,Kelso_WA,Kennebunkport_ME,Kennewick_WA,Kenosha_WI,Kent_OH,Keokuk_IA,Ketchikan_AK,Kettering_OH,Kewanee_IL,Key West_FL,Keyser_WV,Kilgore_TX,Killeen_TX,Kingman_AZ,Kingsport_TN,Kingston_NY,Kingston_RI,Kingsville_TX,Kinston_NC,Kirksville_MO,Kittery_ME,Kitty Hawk_NC,Klamath Falls_OR,Knoxville_TN,Kodiak_AK,Kokomo_IN,Kotzebue_AK,La Crosse_WI,La Grande_OR,La Grange_GA,La Habra_CA,La Junta_CO,La Salle_IL,Lackawanna_NY,Laconia_NH,Lafayette_IN,Lafayette_LA,Laguna Beach_CA,Lahaina_HI,Laie_HI,Lake Charles_LA,Lake City_FL,Lake Forest_IL,Lake Geneva_WI,Lake Havasu City_AZ,Lake Oswego_OR,Lake Placid_NY,Lake Wales_FL,Lakehurst_NJ,Lakeland_FL,Lakeview_OR,Lakewood_NJ,Lakewood_OH,Lamar_MO,Lancaster_CA,Lancaster_OH,Lancaster_PA,Lancaster_SC,Lander_WY,Lansing_MI,Laramie_WY,Laredo_TX,Largo_FL,Las Cruces_NM,Las Vegas_NM,Las Vegas_NV,Laurel_MD,Laurel_MS,Lawrence_KS,Lawrence_MA,Lawton_OK,Layton_UT,Lead_SD,Leadville_CO,Leavenworth_KS,Lebanon_CT,Lebanon_MO,Lebanon_NH,Lebanon_PA,Lebanon_TN,Lehi_UT,Lenox_MA,Leominster_MA,Levittown_NY,Levittown_PA,Lewes_DE,Lewisburg_WV,Lewiston_ID,Lewiston_ME,Lewistown_MT,Lewistown_PA,Lexington_KY,Lexington_MA,Lexington_MO,Lexington_VA,Liberal_KS,Libertyville_IL,Lima_OH,Lincoln_IL,Lincoln_NE,Lisle_IL,Litchfield_CT,Little Falls_MN,Little Rock_AR,Littleton_CO,Livermore_CA,Livingston_MT,Livonia_MI,Lock Haven_PA,Lockport_NY,Lodi_CA,Logan_UT,Logan_WV,Lombard_IL,Lompoc_CA,Long Beach_CA,Long Beach_NJ,Long Branch_NJ,Longmont_CO,Longview_TX,Longview_WA,Lorain_OH,Los Alamos_NM,Los Angeles_CA,Louisville_KY,Loveland_CO,Lovington_NM,Lowell_MA,Lower Southampton_PA,Lubbock_TX,Lubec_ME,Ludington_MI,Ludlow_MA,Lufkin_TX,Lumberton_NC,Lynchburg_VA,Lynn_MA,Machias_ME,Mackinaw City_MI,Macomb_IL,Macon_GA,Madison_IN,Madison_NJ,Madison_SD,Madison_WI,Magnolia_AR,Malden_MA,Malibu_CA,Mamaroneck_NY,Manassas_VA,Manchester_CT,Manchester_NH,Manchester_VT,Mandan_ND,Manhattan_KS,Manhattan_NY,Manistee_MI,Manitowoc_WI,Mankato_MN,Mansfield_CT,Mansfield_OH,Manti_UT,Marblehead_MA,Marietta_GA,Marietta_OH,Marinette_WI,Marion_AL,Marion_IN,Marion_OH,Marlborough_MA,Marquette_MI,Marshall_TX,Martinez_CA,Martins Ferry_OH,Martinsburg_WV,Martinsville_VA,Marysville_CA,Maryville_MO,Maryville_TN,Mason City_IA,Massena_NY,Massillon_OH,Mattoon_IL,Mayfield_KY,Maysville_KY,McAlester_OK,McAllen_TX,McCook_NE,McKeesport_PA,McKinney_TX,McMinnville_OR,McPherson_KS,Meadville_PA,Medford_MA,Medford_OR,Medicine Lodge_KS,Melbourne_FL,Memphis_TN,Menasha_WI,Menlo Park_CA,Menlo Park_NJ,Menominee_MI,Mentor_OH,Merced_CA,Meriden_CT,Meridian_MS,Mesa_AZ,Mesquite_TX,Mexico_MO,Miami Beach_FL,Miami_FL,Miami_OK,Michigan City_IN,Middlebury_VT,Middlesboro_KY,Middletown_CT,Middletown_NY,Middletown_OH,Middletown_PA,Middletown_RI,Midland_MI,Midland_TX,Midwest City_OK,Milan_OH,Milbank_SD,Miles City_MT,Milford_CT,Milford_DE,Millburn_NJ,Milledgeville_GA,Millville_NJ,Milton_MA,Milwaukee_WI,Minden_NE,Mineola_NY,Minneapolis_MN,Minot_ND,Mishawaka_IN,Mission_TX,Missoula_MT,Mitchell_SD,Moab_UT,Mobile_AL,Mobridge_SD,Modesto_CA,Moline_IL,Monett_MO,Monmouth_IL,Monroe_LA,Monroe_MI,Monroeville_PA,Montclair_NJ,Monterey_CA,Montgomery_AL,Monticello_UT,Montpelier_VT,Montrose_CO,Moore_OK,Moorhead_MN,Morehead City_NC,Morgan City_LA,Morganton_NC,Morgantown_WV,Morrilton_AR,Morristown_NJ,Morristown_TN,Moscow_ID,Moses Lake_WA,Moundsville_WV,Mount Clemens_MI,Mount Holly_NJ,Mount Pleasant_IA,Mount Pleasant_MI,Mount Pleasant_SC,Mount Vernon_IL,Mount Vernon_NY,Mount Vernon_OH,Mountain View_CA,Muncie_IN,Mundelein_IL,Murfreesboro_TN,Murray_UT,Muscatine_IA,Muskegon_MI,Muskogee_OK,Myrtle Beach_SC,Mystic_CT,Nacogdoches_TX,Nags Head_NC,Nahant_MA,Nampa_ID,Nanticoke_PA,Naperville_IL,Naples_FL,Nappanee_IN,Narragansett_RI,Nashua_NH,Nashville_IN,Nashville_TN,Natchez_MS,Natchitoches_LA,Natick_MA,Naugatuck_CT,Nauvoo_IL,Nebraska City_NE,Needles_CA,Neenah_WI,Neosho_MO,Nephi_UT,New Albany_IN,New Bedford_MA,New Bern_NC,New Braunfels_TX,New Britain_CT,New Brunswick_NJ,New Castle_DE,New Castle_IN,New Castle_PA,New Glarus_WI,New Harmony_IN,New Haven_CT,New Hope_PA,New Iberia_LA,New Kensington_PA,New London_CT,New Madrid_MO,New Market_VA,New Martinsville_WV,New Milford_NJ,New Orleans_LA,New Paltz_NY,New Philadelphia_OH,New Rochelle_NY,New Smyrna Beach_FL,New Ulm_MN,New Windsor_NY,New York City_NY,Newark_DE,Newark_NJ,Newark_OH,Newberg_OR,Newburgh_NY,Newburyport_MA,Newcastle_WY,Newport Beach_CA,Newport News_VA,Newport_AR,Newport_KY,Newport_OR,Newport_RI,Newport_VT,Newton_IA,Newton_KS,Newton_MA,Niagara Falls_NY,Niles_MI,Niles_OH,Nogales_AZ,Nome_AK,Norfolk_NE,Norfolk_VA,Normal_IL,Norman_OK,Norris_TN,Norristown_PA,North Adams_MA,North Chicago_IL,North College Hill_OH,North Haven_CT,North Hempstead_NY,North Kingstown_RI,North Las Vegas_NV,North Little Rock_AR,North Platte_NE,Northampton_MA,Northfield_MN,Norton_MA,Norwalk_CA,Norwalk_CT,Norwalk_OH,Norwich_CT,Norwood_MA,Novato_CA,Nyack_NY,Oak Harbor_WA,Oak Park_IL,Oak Ridge_TN,Oakland_CA,Oakland_MD,Oberlin_OH,Ocala_FL,Ocean City_MD,Ocean City_NJ,Ocean Springs_MS,Oceanside_CA,Oconto_WI,Odessa_TX,Ogden_UT,Ogdensburg_NY,Oil City_PA,Ojai_CA,Oklahoma City_OK,Okmulgee_OK,Olathe_KS,Old Saybrook_CT,Olean_NY,Olympia_WA,Omaha_NE,Oneida_NY,Oneonta_NY,Ontario_CA,Ontario_OR,Opelika_AL,Opelousas_LA,Oraibi_AZ,Orange_CA,Orange_CT,Orange_NJ,Orange_TX,Orangeburg_SC,Orderville_UT,Oregon City_OR,Orem_UT,Orlando_FL,Ormond Beach_FL,Orono_ME,Oroville_CA,Osawatomie_KS,Osceola_AR,Oshkosh_WI,Oskaloosa_IA,Ossining_NY,Oswego_NY,Ottawa_IL,Ottawa_KS,Ottumwa_IA,Ouray_CO,Overland Park_KS,Owatonna_MN,Owensboro_KY,Oxford_MS,Oxnard_CA,Oyster Bay_NY,Ozark_AL,Pacific Grove_CA,Paducah_KY,Pagosa Springs_CO,Painesville_OH,Palatine_IL,Palatka_FL,Palm Bay_FL,Palm Beach_FL,Palm Springs_CA,Palmdale_CA,Palmer_AK,Palmyra_NY,Palo Alto_CA,Pampa_TX,Panama City_FL,Panguitch_UT,Paris_KY,Paris_TX,Park City_UT,Park Forest_IL,Park Ridge_IL,Parkersburg_WV,Parma_OH,Parsippany–Troy Hills_NJ,Pasadena_CA,Pasadena_TX,Pascagoula_MS,Pasco_WA,Pass Christian_MS,Passaic_NJ,Paterson_NJ,Pauls Valley_OK,Pawhuska_OK,Pawtucket_RI,Payson_UT,Peabody_MA,Pecos_TX,Peekskill_NY,Pekin_IL,Pendleton_OR,Pensacola_FL,Peoria_IL,Perry_OK,Perth Amboy_NJ,Peru_IN,Peshtigo_WI,Petaluma_CA,Peterborough_NH,Petersburg_IL,Petersburg_VA,Petoskey_MI,Pharr_TX,Phenix City_AL,Philadelphia_MS,Philadelphia_PA,Philippi_WV,Phoenix_AZ,Phoenixville_PA,Pierre_SD,Pine Bluff_AR,Pinehurst_NC,Pipestone_MN,Piqua_OH,Pittsburg_KS,Pittsburgh_PA,Pittsfield_MA,Plainfield_NJ,Plains_GA,Plainview_TX,Plano_TX,Plattsburgh_NY,Plattsmouth_NE,Plymouth_IN,Plymouth_MA,Plymouth_NH,Plymouth_VT,Pocatello_ID,Point Pleasant_WV,Point Roberts_WA,Pomona_CA,Pompano Beach_FL,Ponca City_OK,Pontiac_IL,Pontiac_MI,Port Angeles_WA,Port Arthur_TX,Port Gibson_MS,Port Hueneme_CA,Port Huron_MI,Port Lavaca_TX,Port Orford_OR,Port Washington_NY,Portage_WI,Portales_NM,Portland_ME,Portland_OR,Portsmouth_NH,Portsmouth_OH,Portsmouth_RI,Portsmouth_VA,Potsdam_NY,Pottstown_PA,Pottsville_PA,Poughkeepsie_NY,Powell_WY,Prairie du Chien_WI,Prescott_AZ,Presque Isle_ME,Price_UT,Prichard_AL,Priest River_ID,Princeton_NJ,Princeton_WV,Prineville_OR,Providence_RI,Provincetown_MA,Provo_UT,Pryor_OK,Pueblo_CO,Pullman_WA,Put-in-Bay_OH,Puyallup_WA,Queens_NY,Quincy_IL,Quincy_MA,Racine_WI,Raleigh_NC,Rancho Cucamonga_CA,Randolph_MA,Rantoul_IL,Rapid City_SD,Raton_NM,Rawlins_WY,Reading_PA,Red Bluff_CA,Red Cloud_NE,Red Wing_MN,Redding_CA,Redlands_CA,Redmond_OR,Redmond_WA,Redondo Beach_CA,Redwood City_CA,Reedsport_OR,Reno_NV,Rensselaer_NY,Renton_WA,Reston_VA,Revere_MA,Rexburg_ID,Rhinelander_WI,Richardson_TX,Richland_WA,Richmond_CA,Richmond_IN,Richmond_KY,Richmond_VA,Ridgewood_NJ,Ripon_WI,River Forest_IL,Riverside_CA,Riverton_WY,Roanoke_VA,Rochester_MN,Rochester_NH,Rochester_NY,Rock Hill_SC,Rock Island_IL,Rock Springs_WY,Rockford_IL,Rockland_ME,Rockville_MD,Rocky Mount_NC,Rogers_AR,Rolla_MO,Rome_GA,Rome_NY,Romney_WV,Roseburg_OR,Roselle_NJ,Roseville_CA,Roswell_NM,Rotterdam_NY,Royal Oak_MI,Rugby_ND,Rumford_ME,Ruston_LA,Rutherford_NJ,Rutland_VT,Rye_NY,Saco_ME,Sacramento_CA,Sag Harbor_NY,Saginaw_MI,Saint Albans_VT,Saint Augustine_FL,Saint Charles_MO,Saint Cloud_MN,Saint George_UT,Saint Ignace_MI,Saint Johnsbury_VT,Saint Joseph_MI,Saint Joseph_MO,Saint Louis_MO,Saint Martinville_LA,Saint Marys City_MD,Saint Paul_MN,Saint Petersburg_FL,Sainte Genevieve_MO,Salem_IL,Salem_MA,Salem_MO,Salem_NH,Salem_NJ,Salem_OH,Salem_OR,Salina_KS,Salinas_CA,Salisbury_MD,Salisbury_NC,Sallisaw_OK,Salt Lake City_UT,San Angelo_TX,San Antonio_TX,San Bernardino_CA,San Clemente_CA,San Diego_CA,San Felipe_TX,San Fernando_CA,San Francisco_CA,San Gabriel_CA,San Jose_CA,San Juan Capistrano_CA,San Leandro_CA,San Luis Obispo_CA,San Marcos_TX,San Marino_CA,San Mateo_CA,San Pedro_CA,San Rafael_CA,San Simeon_CA,Sand Springs_OK,Sandusky_OH,Sandwich_MA,Sanford_FL,Santa Ana_CA,Santa Barbara_CA,Santa Clara_CA,Santa Clarita_CA,Santa Claus_IN,Santa Cruz_CA,Santa Fe_NM,Santa Monica_CA,Santa Rosa_CA,Sapulpa_OK,Saranac Lake_NY,Sarasota_FL,Saratoga Springs_NY,Saugus_MA,Sauk Centre_MN,Sault Sainte Marie_MI,Sausalito_CA,Savannah_GA,Scarborough_ME,Scarsdale_NY,Schenectady_NY,Scottsboro_AL,Scottsdale_AZ,Scranton_PA,Searcy_AR,Seaside_OR,Seattle_WA,Sebring_FL,Sedalia_MO,Selma_AL,Seminole_OK,Seneca Falls_NY,Seward_AK,Seymour_CT,Shaker Heights_OH,Shamokin_PA,Sharon_PA,Sharon_VT,Shawnee_KS,Shawnee_OK,Shawneetown_IL,Sheboygan_WI,Sheffield_AL,Shelby_NC,Shelbyville_IN,Shelbyville_TN,Shelton_CT,Shepherdstown_WV,Sheridan_WY,Sherman_TX,Shiprock_NM,Shreveport_LA,Sidney_NE,Sierra Vista_AZ,Silver City_NM,Silver Spring_MD,Silverton_CO,Simi Valley_CA,Simsbury_CT,Sioux City_IA,Sioux Falls_SD,Sitka_AK,Skagway_AK,Skokie_IL,Smith Center_KS,Smyrna_DE,Socorro_NM,Somersworth_NH,Somerville_MA,Somerville_NJ,Sonoma_CA,South Bend_IN,South Charleston_WV,South Hadley_MA,South Holland_IL,South Kingstown_RI,South Orange Village_NJ,South Saint Paul_MN,South San Francisco_CA,Southampton_NY,Southington_CT,Spanish Fork_UT,Sparks_NV,Spartanburg_SC,Spearfish_SD,Spokane_WA,Spring Green_WI,Springfield_IL,Springfield_MA,Springfield_MO,Springfield_OH,Springfield_OR,Springville_UT,Stamford_CT,Starkville_MS,State College_PA,Staten Island_NY,Staunton_VA,Steamboat Springs_CO,Sterling_CO,Steubenville_OH,Stevens Point_WI,Stillwater_MN,Stillwater_OK,Stockbridge_MA,Stockton_CA,Stonington_CT,Stony Brook_NY,Stony Point_NY,Stoughton_MA,Stratford_CT,Streator_IL,Stroudsburg_PA,Sturbridge_MA,Sturgeon Bay_WI,Sturgis_SD,Stuttgart_AR,Sudbury_MA,Suffolk_VA,Summersville_WV,Summit_IL,Sumter_SC,Sun Valley_ID,Sunbury_PA,Sunnyvale_CA,Superior_WI,Susanville_CA,Swarthmore_PA,Sweetwater_TX,Sylacauga_AL,Syracuse_NY,Tacoma_WA,Tahlequah_OK,Takoma Park_MD,Talladega_AL,Tallahassee_FL,Tamaqua_PA,Tampa_FL,Taos_NM,Tarpon Springs_FL,Tarrytown_NY,Taunton_MA,Telluride_CO,Tempe_AZ,Temple_TX,Ten Sleep_WY,Terre Haute_IN,Tewksbury_MA,Texarkana_TX,Texas City_TX,The Dalles_OR,The Village_OK,Thermopolis_WY,Thibodaux_LA,Thousand Oaks_CA,Ticonderoga_NY,Tiffin_OH,Tillamook_OR,Titusville_FL,Titusville_PA,Tiverton_RI,Toccoa_GA,Toledo_OH,Tombstone_AZ,Tonawanda_NY,Tooele_UT,Topeka_KS,Torrance_CA,Torrington_CT,Torrington_WY,Totowa_NJ,Towson_MD,Traverse City_MI,Trenton_MI,Trenton_NJ,Trinidad_CO,Troy_AL,Troy_NY,Truro_MA,Truth or Consequences_NM,Tucson_AZ,Tucumcari_NM,Tullahoma_TN,Tulsa_OK,Tupelo_MS,Turlock_CA,Tuscaloosa_AL,Tuscumbia_AL,Tuskegee_AL,Twin Falls_ID,Tyler_TX,Ukiah_CA,Union City_NJ,Union_NJ,Union_SC,Uniontown_PA,Urbana_IL,Urbana_OH,Utica_NY,Uvalde_TX,Vail_CO,Valdez_AK,Valdosta_GA,Vallejo_CA,Valley City_ND,Valparaiso_IN,Van Buren_AR,Vancouver_WA,Vandalia_IL,Venice_FL,Ventura_CA,Vermillion_SD,Vernal_UT,Vicksburg_MS,Victoria_TX,Victorville_CA,Vincennes_IN,Vineland_NJ,Vinita_OK,Virden_IL,Virginia Beach_VA,Virginia City_MT,Virginia City_NV,Visalia_CA,Wabash_IN,Waco_TX,Wahiawa_HI,Wahpeton_ND,Wailuku_HI,Waimea_HI,Walla Walla_WA,Wallingford_CT,Walnut Creek_CA,Walpi_AZ,Walsenburg_CO,Warm Springs_GA,Warner Robins_GA,Warren_MI,Warren_OH,Warren_PA,Warren_RI,Warrensburg_MO,Warwick_RI,Waterbury_CT,Waterford_CT,Waterloo_IA,Watertown_CT,Watertown_MA,Watertown_NY,Watertown_SD,Waterville_ME,Watervliet_NY,Watkins Glen_NY,Watts_CA,Waukegan_IL,Waukesha_WI,Wausau_WI,Wauwatosa_WI,Waycross_GA,Wayne_NJ,Waynesboro_VA,Weatherford_TX,Webster City_IA,Webster_MA,Weehawken_NJ,Weirton_WV,Welch_WV,Wellesley_MA,Wellfleet_MA,Wellsburg_WV,Wenatchee_WA,West Allis_WI,West Bend_WI,West Bridgewater_MA,West Chester_PA,West Covina_CA,West Des Moines_IA,West Hartford_CT,West Haven_CT,West Lafayette_IN,West Memphis_AR,West New York_NJ,West Orange_NJ,West Palm Beach_FL,West Plains_MO,West Point_MS,West Seneca_NY,West Springfield_MA,Westerly_RI,Westfield_MA,Westminster_CO,Westminster_MD,Weston_WV,Westport_CT,Wethersfield_CT,Wewoka_OK,Weymouth_MA,Wheaton_IL,Wheeling_WV,White Plains_NY,White Springs_FL,White Sulphur Springs_WV,Whitman_MA,Whittier_CA,Wichita Falls_TX,Wichita_KS,Wickford_RI,Wilkes-Barre_PA,Williamsburg_VA,Williamson_WV,Williamsport_PA,Williamstown_MA,Willimantic_CT,Willingboro_NJ,Williston_ND,Willmar_MN,Wilmette_IL,Wilmington_DE,Wilmington_NC,Wilson_NC,Winchester_VA,Windham_CT,Window Rock_AZ,Windsor Locks_CT,Windsor_CT,Winnemucca_NV,Winnetka_IL,Winona_MN,Winooski_VT,Winslow_AZ,Winsted_CT,Winston-Salem_NC,Winter Haven_FL,Winter Park_FL,Wisconsin Dells_WI,Woburn_MA,Wood River_IL,Woodbridge_NJ,Woodland_CA,Woods Hole_MA,Woodstock_NY,Woodward_OK,Woonsocket_RI,Wooster_OH,Worcester_MA,Worland_WY,Worthington_OH,Wyandotte_MI,Xenia_OH,Yakima_WA,Yankton_SD,Yazoo City_MS,Yellow Springs_OH,Yonkers_NY,Yorba Linda_CA,York_ME,York_PA,Youngstown_OH,Ypsilanti_MI,Ysleta_TX,Yuba City_CA,Yuma_AZ,Zanesville_OH,Zion_IL,